#,key,title,year,summary,SM,CISF,E,AIQC
1,yahoo_winds_2026,Life-threatening winds set to batter...,2025,Examines life-threatening winds set to batter.,,,,
2,magra_mati_2025,"Seven years after deadly Mati fire, anger and outrage persist",2025,"Examines seven years after deadly Mati fire, anger and outrage persist.",,,,
3,jarvie_evacuations_2025,Evacuations were botched during the deadliest fire in California history. Here’s what one local sheriff learned,2025,Examines evacuations were botched during the deadliest fire in California history. Here’s what one local sheriff learned.,,,\checkmark,
4,deadzones_911_wildfires_2025,Top 10 wildfires worsened by 911 call failures,2025,Examines top 10 wildfires worsened by 911 call failures.,,,,
5,prism_la_fires_2025,"Disabled, elderly and unhoused people faced the worst impacts of LA fires",2025,"Examines disabled, elderly and unhoused people faced the worst impacts of LA fires.",,,,
6,nifc_suppression_costs,Federal Firefighting Costs (Suppression Only),2026,Examines federal Firefighting Costs (Suppression Only).,,,,
7,rothermel1972mathematical,A mathematical model for predicting fire spread in wildland fuels,1972,Proposes or applies a modeling framework for a mathematical model for predicting fire spread in wildland fuels.,\checkmark,,,
8,ascoli2015building,Building Rothermel fire behaviour fuel models by genetic algorithm optimisation,2015,Proposes or applies a modeling framework for building Rothermel fire behaviour fuel models by genetic algorithm optimisation.,\checkmark,,,
9,wolfram1983statistical,Statistical mechanics of cellular automata,1983,Examines statistical mechanics of cellular automata.,,,,
10,alexandridis2011wildland,Wildland fire spread modelling using cellular automata: evolution in large-scale spatially heterogeneous environments under fire suppression tactics,2011,Proposes or applies a modeling framework for wildland fire spread modelling using cellular automata: evolution in large-scale spatially heterogeneous environments under fire suppression tactics.,\checkmark,,,
11,andrianarivony2024machine,Machine learning and deep learning for wildfire spread prediction: A review,2024,Reviews the literature on machine learning and deep learning for wildfire spread prediction: A review.,\checkmark,,,\checkmark
12,rubi2023application,Application of machine learning models in the behavioral study of forest fires in the Brazilian Federal District region,2023,Proposes or applies a modeling framework for application of machine learning models in the behavioral study of forest fires in the Brazilian Federal District region.,,,,\checkmark
13,khanmohammadi2022prediction,Prediction of wildfire rate of spread in grasslands using machine learning methods,2022,Proposes or applies a modeling framework for prediction of wildfire rate of spread in grasslands using machine learning methods.,,,,\checkmark
14,singh2023wildfire,Wildfire spread prediction using machine learning algorithms,2023,Develops or evaluates predictive methods for wildfire spread prediction using machine learning algorithms.,\checkmark,,,\checkmark
15,nextday_wildfire_spread_kaggle,Next Day Wildfire Spread Dataset,2024,Introduces a dataset or benchmark for next Day Wildfire Spread Dataset.,\checkmark,,,
16,khanmohammadi2023artificial,An artificial intelligence framework for predicting fire spread sustainability in semiarid shrublands,2023,Proposes or applies a modeling framework for an artificial intelligence framework for predicting fire spread sustainability in semiarid shrublands.,\checkmark,,,\checkmark
17,roy2025blaze,BLAZE TRACK: Developing Dynamic Wildfire Risk Maps Leveraging MODIS Satellite Imagery and Advanced AI Algorithms,2025,"Analyzes risk, vulnerability, or resilience issues in bLAZE TRACK: Developing Dynamic Wildfire Risk Maps Leveraging MODIS Satellite Imagery and Advanced AI Algorithms.",\checkmark,,,\checkmark
18,hultquist2014comparison,"A comparison of Gaussian process regression, random forests and support vector regression for burn severity assessment in diseased forests",2014,"Examines a comparison of Gaussian process regression, random forests and support vector regression for burn severity assessment in diseased forests.",\checkmark,,,\checkmark
19,nelson2017regression,Regression tree modeling of spatial pattern and process interactions,2017,Proposes or applies a modeling framework for regression tree modeling of spatial pattern and process interactions.,,,,
20,bashari2016risk,Risk of fire occurrence in arid and semi-arid ecosystems of Iran: an investigation using Bayesian belief networks,2016,"Analyzes risk, vulnerability, or resilience issues in risk of fire occurrence in arid and semi-arid ecosystems of Iran: an investigation using Bayesian belief networks.",\checkmark,,,\checkmark
21,dlamini2011application,Application of Bayesian networks for fire risk mapping using GIS and remote sensing data,2011,"Analyzes risk, vulnerability, or resilience issues in application of Bayesian networks for fire risk mapping using GIS and remote sensing data.",\checkmark,,,\checkmark
22,duane2015predictive,Predictive modelling of fire occurrences from different fire spread patterns in Mediterranean landscapes,2015,Proposes or applies a modeling framework for predictive modelling of fire occurrences from different fire spread patterns in Mediterranean landscapes.,\checkmark,,,
23,mambile2024application,Application of deep learning in forest fire prediction: a systematic review,2024,Reviews the literature on application of deep learning in forest fire prediction: a systematic review.,\checkmark,,,\checkmark
24,radke2019firecast,FireCast: Leveraging deep learning to predict wildfire spread.,2019,Develops or evaluates predictive methods for fireCast: Leveraging deep learning to predict wildfire spread.,\checkmark,,,\checkmark
25,jiang2023wfnet,WFNet: A hierarchical convolutional neural network for wildfire spread prediction,2023,Develops or evaluates predictive methods for wFNet: A hierarchical convolutional neural network for wildfire spread prediction.,\checkmark,,,\checkmark
26,khennou2021forest,Forest fire spread prediction using deep learning,2021,Develops or evaluates predictive methods for forest fire spread prediction using deep learning.,\checkmark,,,\checkmark
27,khennou2023improving,Improving wildland fire spread prediction using deep U-Nets,2023,Develops or evaluates predictive methods for improving wildland fire spread prediction using deep U-Nets.,\checkmark,,,\checkmark
28,marjani2024application,Application of explainable artificial intelligence in predicting wildfire spread: An ASPP-enabled CNN approach,2024,Proposes or applies a modeling framework for application of explainable artificial intelligence in predicting wildfire spread: An ASPP-enabled CNN approach.,\checkmark,,,\checkmark
29,marjani2023large,The large-scale wildfire spread prediction using a multi-kernel convolutional neural network,2023,Develops or evaluates predictive methods for the large-scale wildfire spread prediction using a multi-kernel convolutional neural network.,\checkmark,,,\checkmark
30,liz2024spain,Spain on fire: A novel wildfire risk assessment model based on image satellite processing and atmospheric information,2024,Proposes or applies a modeling framework for spain on fire: A novel wildfire risk assessment model based on image satellite processing and atmospheric information.,\checkmark,,,
31,adhikari2023wildfire,"Wildfire progression prediction and validation using satellite data and remote sensing in sonoma, california",2023,"Develops or evaluates predictive methods for wildfire progression prediction and validation using satellite data and remote sensing in sonoma, california.",\checkmark,,,
32,perumal2020comparison,Comparison of recurrent neural network architectures for wildfire spread modelling,2020,Proposes or applies a modeling framework for comparison of recurrent neural network architectures for wildfire spread modelling.,\checkmark,,,\checkmark
33,shadrin2024wildfire,Wildfire spreading prediction using multimodal data and deep neural network approach,2024,Proposes or applies a modeling framework for wildfire spreading prediction using multimodal data and deep neural network approach.,\checkmark,,,\checkmark
34,li2024sim2real,Sim2real-fire: A multi-modal simulation dataset for forecast and backtracking of real-world forest fire,2024,Introduces a dataset or benchmark for sim2real-fire: A multi-modal simulation dataset for forecast and backtracking of real-world forest fire.,,,,
35,masrur2024capturing,Capturing and interpreting wildfire spread dynamics: attention-based spatiotemporal models using ConvLSTM networks,2024,Proposes or applies a modeling framework for capturing and interpreting wildfire spread dynamics: attention-based spatiotemporal models using ConvLSTM networks.,\checkmark,,,\checkmark
36,burge2023recurrent,Recurrent convolutional deep neural networks for modeling time-resolved wildfire spread behavior,2023,Proposes or applies a modeling framework for recurrent convolutional deep neural networks for modeling time-resolved wildfire spread behavior.,\checkmark,,,\checkmark
37,jiang2022modeling,Modeling wildfire spread with an irregular graph network,2022,Proposes or applies a modeling framework for modeling wildfire spread with an irregular graph network.,\checkmark,,,
38,rosch2024data,Data-driven wildfire spread modeling of european wildfires using a spatiotemporal graph neural network,2024,Proposes or applies a modeling framework for data-driven wildfire spread modeling of european wildfires using a spatiotemporal graph neural network.,\checkmark,,,\checkmark
39,khanmohammadi2024using,Using AutoML and generative AI to predict the type of wildfire propagation in Canadian conifer forests,2024,Develops or evaluates predictive methods for using AutoML and generative AI to predict the type of wildfire propagation in Canadian conifer forests.,\checkmark,,,\checkmark
40,cheng2023generative,A generative model for surrogates of spatial-temporal wildfire nowcasting,2023,Proposes or applies a modeling framework for a generative model for surrogates of spatial-temporal wildfire nowcasting.,\checkmark,,,\checkmark
41,coen2013wrf,WRF-Fire: coupled weather--wildland fire modeling with the weather research and forecasting model,2013,Proposes or applies a modeling framework for wRF-Fire: coupled weather--wildland fire modeling with the weather research and forecasting model.,\checkmark,,,
42,xu2025generative,Generative AI as a Pillar for Predicting 2D and 3D Wildfire Spread: Beyond Physics-Based Models and Traditional Deep Learning,2025,Proposes or applies a modeling framework for generative AI as a Pillar for Predicting 2D and 3D Wildfire Spread: Beyond Physics-Based Models and Traditional Deep Learning.,\checkmark,,,\checkmark
43,valero2021multifidelity,"Multifidelity prediction in wildfire spread simulation: Modeling, uncertainty quantification and sensitivity analysis",2021,"Proposes or applies a modeling framework for multifidelity prediction in wildfire spread simulation: Modeling, uncertainty quantification and sensitivity analysis.",\checkmark,,,
44,allaire2021novel,Novel method for a posteriori uncertainty quantification in wildland fire spread simulation,2021,Proposes or applies a modeling framework for novel method for a posteriori uncertainty quantification in wildland fire spread simulation.,\checkmark,,,
45,kondylatos2025uncertainty,Uncertainty-Aware Deep Learning for Wildfire Danger Forecasting,2025,Develops or evaluates predictive methods for uncertainty-Aware Deep Learning for Wildfire Danger Forecasting.,\checkmark,,,\checkmark
46,benali2017fire,Fire spread predictions: Sweeping uncertainty under the rug,2017,Develops or evaluates predictive methods for fire spread predictions: Sweeping uncertainty under the rug.,\checkmark,,,
47,viegas2018advances,Advances in forest fire research,2018,Examines advances in forest fire research.,,,,
48,benali2016deciphering,Deciphering the impact of uncertainty on the accuracy of large wildfire spread simulations,2016,Proposes or applies a modeling framework for deciphering the impact of uncertainty on the accuracy of large wildfire spread simulations.,\checkmark,,,
49,giglio2013analysis,"Analysis of daily, monthly, and annual burned area using the fourth-generation global fire emissions database (GFED4)",2013,"Examines analysis of daily, monthly, and annual burned area using the fourth-generation global fire emissions database (GFED4).",\checkmark,,,
50,hantson2016status,The status and challenge of global fire modelling,2016,Proposes or applies a modeling framework for the status and challenge of global fire modelling.,\checkmark,,,
51,chakravarty2025spatial,Spatial Uncertainty Quantification in Wildfire Forecasting for Climate-Resilient Emergency Planning,2025,Develops or evaluates predictive methods for spatial Uncertainty Quantification in Wildfire Forecasting for Climate-Resilient Emergency Planning.,\checkmark,,,
52,gerard2023wildfirespreadts,Wildfirespreadts: A dataset of multi-modal time series for wildfire spread prediction,2023,Introduces a dataset or benchmark for wildfirespreadts: A dataset of multi-modal time series for wildfire spread prediction.,\checkmark,,,
53,BRUNNER2024109653,Understanding cascading risks through real-world interdependent urban infrastructure,2024,"Analyzes risk, vulnerability, or resilience issues in understanding cascading risks through real-world interdependent urban infrastructure.",,\checkmark,,
54,kalapodis2025towards,Towards resilient critical infrastructure in the face of extreme wildfire events: Lessons and policy pathways from the US and EU,2025,Frames research directions for towards resilient critical infrastructure in the face of extreme wildfire events: Lessons and policy pathways from the US and EU.,,\checkmark,,
55,buldyrev2010catastrophic,Catastrophic cascade of failures in interdependent networks,2010,Examines catastrophic cascade of failures in interdependent networks.,,\checkmark,,
56,duan2019universal,Universal behavior of cascading failures in interdependent networks,2019,Examines universal behavior of cascading failures in interdependent networks.,,\checkmark,,
57,aleta2025multilayer,"Multilayer network science: theory, methods, and applications",2025,"Proposes or applies a modeling framework for multilayer network science: theory, methods, and applications.",,,,
58,zhang2026higher,Higher-Order Network Approach for Modeling Cascading Failure in Urban Critical Infrastructure,2026,Proposes or applies a modeling framework for higher-Order Network Approach for Modeling Cascading Failure in Urban Critical Infrastructure.,,\checkmark,,
59,zhao2024robustness,Robustness of interdependent directed higher-order networks against cascading failures,2024,"Analyzes risk, vulnerability, or resilience issues in robustness of interdependent directed higher-order networks against cascading failures.",,\checkmark,,
60,cimellaro2024modelling,Modelling infrastructure interdependencies and cascading effects using temporal networks,2024,Proposes or applies a modeling framework for modelling infrastructure interdependencies and cascading effects using temporal networks.,,\checkmark,,
61,abdalla2007network,A network-centric modeling approach for infrastructure interdependency,2007,Proposes or applies a modeling framework for a network-centric modeling approach for infrastructure interdependency.,,\checkmark,,
62,bouzeraa2025machine,Machine Learning-Based Wildfire Susceptibility Mapping: A GIS-Integrated Predictive Framework,2025,Proposes or applies a modeling framework for machine Learning-Based Wildfire Susceptibility Mapping: A GIS-Integrated Predictive Framework.,\checkmark,,,\checkmark
63,arab2021three,Three lines of defense for wildfire risk management in electric power grids: A review,2021,Reviews the literature on three lines of defense for wildfire risk management in electric power grids: A review.,\checkmark,\checkmark,,
64,vazquez2022wildfire,Wildfire mitigation plans in power systems: A literature review,2022,Reviews the literature on wildfire mitigation plans in power systems: A literature review.,,\checkmark,,
65,fan2025resilient,Resilient Power Systems against Wildfire Risks: Towards a Human-Centric and Secure Future,2025,"Analyzes risk, vulnerability, or resilience issues in resilient Power Systems against Wildfire Risks: Towards a Human-Centric and Secure Future.",\checkmark,\checkmark,,
66,sohrabi2024wildfire,A wildfire progression simulation and risk-rating methodology for power grid infrastructure,2024,Proposes or applies a modeling framework for a wildfire progression simulation and risk-rating methodology for power grid infrastructure.,\checkmark,\checkmark,,
67,nazemi2022powering,Powering through wildfires: An integrated solution for enhanced safety and resilience in power grids,2022,"Analyzes risk, vulnerability, or resilience issues in powering through wildfires: An integrated solution for enhanced safety and resilience in power grids.",,\checkmark,,
68,frank2010vegetation,Vegetation management of utility corridors using high-resolution hyperspectral imaging and LiDAR,2010,Examines vegetation management of utility corridors using high-resolution hyperspectral imaging and LiDAR.,,\checkmark,,
69,mills2010evaluation,Evaluation of aerial remote sensing techniques for vegetation management in power-line corridors,2010,Examines evaluation of aerial remote sensing techniques for vegetation management in power-line corridors.,,,,
70,ahmad2011effective,Effective techniques for vegetation monitoring of transmission lines right-of-ways,2011,Examines effective techniques for vegetation monitoring of transmission lines right-of-ways.,,\checkmark,,
71,albert2004structural,Structural vulnerability of the North American power grid,2004,"Analyzes risk, vulnerability, or resilience issues in structural vulnerability of the North American power grid.",,\checkmark,,
72,choobineh2015vulnerability,Vulnerability assessment of the power grid against progressing wildfires,2015,"Analyzes risk, vulnerability, or resilience issues in vulnerability assessment of the power grid against progressing wildfires.",,\checkmark,,
73,abdelmalak2022enhancing,Enhancing power system operational resilience against wildfires,2022,"Analyzes risk, vulnerability, or resilience issues in enhancing power system operational resilience against wildfires.",,\checkmark,,
74,jones2023electric,Electric grid vulnerability analysis to identify communities prone to wildfires,2023,"Analyzes risk, vulnerability, or resilience issues in electric grid vulnerability analysis to identify communities prone to wildfires.",,\checkmark,,
75,motter2002cascade,Cascade-based attacks on complex networks,2002,Examines cascade-based attacks on complex networks.,,,,
76,lu2019research,Research and application of efficient risk analysis method for electric power grid multiple faults under widespread wildfire disasters,2019,Proposes or applies a modeling framework for research and application of efficient risk analysis method for electric power grid multiple faults under widespread wildfire disasters.,,\checkmark,,
77,rhodes2024security,Security constrained optimal power shutoff for wildfire risk mitigation,2024,"Analyzes risk, vulnerability, or resilience issues in security constrained optimal power shutoff for wildfire risk mitigation.",\checkmark,\checkmark,,
78,rhodes2020balancing,Balancing wildfire risk and power outages through optimized power shut-offs,2020,Addresses optimization and decision support for balancing wildfire risk and power outages through optimized power shut-offs.,\checkmark,\checkmark,,
79,sikavica2025ugroza,Ugroza kriti{\v{c}}nih infrastruktura kao sastavnice sustava nacionalne sigurnosti,2025,Examines ugroza kritivcnih infrastruktura kao sastavnice sustava nacionalne sigurnosti.,,,,
80,narayanaraj2012influences,Influences of forest roads on the spatial patterns of human-and lightning-caused wildfire ignitions,2012,Examines influences of forest roads on the spatial patterns of human-and lightning-caused wildfire ignitions.,,,,
81,fraser2022wildfire,"Wildfire risk, post-fire debris flows, and transportation infrastructure vulnerability",2022,"Analyzes risk, vulnerability, or resilience issues in wildfire risk, post-fire debris flows, and transportation infrastructure vulnerability.",\checkmark,\checkmark,,
82,li2023vulnerability,Vulnerability of California roadways to post-wildfire debris flows,2023,"Analyzes risk, vulnerability, or resilience issues in vulnerability of California roadways to post-wildfire debris flows.",,\checkmark,,
83,zehra2024systematic,"Systematic review and research gaps on wildfire evacuations: infrastructure, transportation modes, networks, and planning",2024,"Reviews the literature on systematic review and research gaps on wildfire evacuations: infrastructure, transportation modes, networks, and planning.",,\checkmark,\checkmark,
84,niu2022wildfire,Are wildfire fatalities related to road network characteristics? A preliminary analysis of global wildfire cases,2022,Examines are wildfire fatalities related to road network characteristics? A preliminary analysis of global wildfire cases.,,\checkmark,,
85,lu2026macroscopic,Macroscopic Traffic Flow Network Modeling For Wildfire Evacuation: A Game-Theoretic Junction Optimization Approach with Application to Lahaina Fire,2026,Proposes or applies a modeling framework for macroscopic Traffic Flow Network Modeling For Wildfire Evacuation: A Game-Theoretic Junction Optimization Approach with Application to Lahaina Fire.,,,\checkmark,
86,borgwardt2024evacuation,Evacuation Planning on Time-Expanded Networks with Integrated Wildfire Information,2024,Examines evacuation Planning on Time-Expanded Networks with Integrated Wildfire Information.,,,\checkmark,
87,alizadeh2025disaster,Disaster vulnerability in road networks: a data-driven approach through analyzing network topology and movement activity,2025,Proposes or applies a modeling framework for disaster vulnerability in road networks: a data-driven approach through analyzing network topology and movement activity.,,\checkmark,,\checkmark
88,ma2025analyzing,Analyzing wildfire evacuation dynamics with agent-based modeling in damaged road networks,2025,Proposes or applies a modeling framework for analyzing wildfire evacuation dynamics with agent-based modeling in damaged road networks.,,\checkmark,\checkmark,
89,tu2025link,Link criticality identification and analysis in road networks using path flow weighted betweenness centrality,2025,Examines link criticality identification and analysis in road networks using path flow weighted betweenness centrality.,,\checkmark,,
90,garlock2012fire,"Fire hazard in bridges: Review, assessment and repair strategies",2012,"Reviews the literature on fire hazard in bridges: Review, assessment and repair strategies.",,\checkmark,,
91,refai2020bridge,Bridge and Wildfire Events: Identifying Information Gaps in Bridge Protection in the Context of Resistance to Wildland Fire Events,2020,Examines bridge and Wildfire Events: Identifying Information Gaps in Bridge Protection in the Context of Resistance to Wildland Fire Events.,\checkmark,\checkmark,,
92,constantino2024forest,Forest Road Network for Firefighter Access,2024,Examines forest Road Network for Firefighter Access.,,\checkmark,,
93,zhang2020approach,An approach for improving firefighting ability of forest road network,2020,Proposes or applies a modeling framework for an approach for improving firefighting ability of forest road network.,,\checkmark,,
94,yang2019emergency,Emergency logistics for wildfire suppression based on forecasted disaster evolution,2019,Develops or evaluates predictive methods for emergency logistics for wildfire suppression based on forecasted disaster evolution.,,,,
95,cheng2024collaborative,Collaborative truck--drone--motorcycle delivery of emergency supplies for mountain wildfire suppression,2024,Examines collaborative truck--drone--motorcycle delivery of emergency supplies for mountain wildfire suppression.,,,,
96,kuiper2025assessing,"Assessing telecommunication vulnerabilities to wildfire in Alberta, Canada",2025,"Examines assessing telecommunication vulnerabilities to wildfire in Alberta, Canada.",,\checkmark,,
97,anderson2020five,Five alarms: Assessing the vulnerability of us cellular communication infrastructure to wildfires,2020,"Analyzes risk, vulnerability, or resilience issues in five alarms: Assessing the vulnerability of us cellular communication infrastructure to wildfires.",,\checkmark,,
98,kuiper2026rating,Rating telecommunication towers by social importance and physical vulnerability to wildfire,2026,"Analyzes risk, vulnerability, or resilience issues in rating telecommunication towers by social importance and physical vulnerability to wildfire.",,\checkmark,,
99,butler2015vegetation,Vegetation clearance distances to prevent wildland fire caused damage to telecommunication and power transmission infrastructure,2015,Examines vegetation clearance distances to prevent wildland fire caused damage to telecommunication and power transmission infrastructure.,\checkmark,\checkmark,,
100,salema2024perspective,Perspective Chapter: Mobile Radio Emergency Communications for Large-Scale Wildfire Fighting--Portugal as a Case Study,2024,Examines perspective Chapter: Mobile Radio Emergency Communications for Large-Scale Wildfire Fighting--Portugal as a Case Study.,,,,
101,burroughs2017three,Three factors leading to failed communications in emergency situations,2017,Examines three factors leading to failed communications in emergency situations.,,,,
102,taylor2007informing,Informing the network: improving communication with interface communities during wildland fire,2007,Examines informing the network: improving communication with interface communities during wildland fire.,\checkmark,,,
103,harvey2025information,"How Fires, Floods and Hurricanes Create Deadly Pockets of Information Isolation",2025,"Examines how Fires, Floods and Hurricanes Create Deadly Pockets of Information Isolation.",,,,
104,dong2021optimal,Optimal resilience of modular interacting networks,2021,"Analyzes risk, vulnerability, or resilience issues in optimal resilience of modular interacting networks.",,,,
105,barrett2010cascading,Cascading failures in multiple infrastructures: From transportation to communication network,2010,Examines cascading failures in multiple infrastructures: From transportation to communication network.,,\checkmark,,
106,cdc_svi_2022_zcta,CDC/ATSDR Social Vulnerability Index 2022 Documentation (ZCTA),2024,"Analyzes risk, vulnerability, or resilience issues in cDC/ATSDR Social Vulnerability Index 2022 Documentation (ZCTA).",,,,
107,modaresi2023social,Social vulnerability of the people exposed to wildfires in US West Coast states,2023,"Analyzes risk, vulnerability, or resilience issues in social vulnerability of the people exposed to wildfires in US West Coast states.",,,,
108,schumann2024geography,The geography of social vulnerability and wildfire occurrence (1984--2018) in the conterminous USA,2024,"Analyzes risk, vulnerability, or resilience issues in the geography of social vulnerability and wildfire occurrence (1984--2018) in the conterminous USA.",\checkmark,,,
109,masri2021disproportionate,Disproportionate impacts of wildfires among elderly and low-income communities in California from 2000--2020,2021,Examines disproportionate impacts of wildfires among elderly and low-income communities in California from 2000--2020.,,,,
110,wigtil2016places,Places where wildfire potential and social vulnerability coincide in the coterminous United States,2016,"Analyzes risk, vulnerability, or resilience issues in places where wildfire potential and social vulnerability coincide in the coterminous United States.",,,,
111,lambrou2023social,Social drivers of vulnerability to wildfire disasters: A review of the literature,2023,Reviews the literature on social drivers of vulnerability to wildfire disasters: A review of the literature.,,,,
112,wong2022power,Power trips: early understanding of preparedness and travel behavior during California public safety power shutoff events,2022,Examines power trips: early understanding of preparedness and travel behavior during California public safety power shutoff events.,,\checkmark,\checkmark,
113,xie2025social,Social vulnerability analysis of planned power outages: A spatial study of power outage in California caused by wildfire risk,2025,"Analyzes risk, vulnerability, or resilience issues in social vulnerability analysis of planned power outages: A spatial study of power outage in California caused by wildfire risk.",\checkmark,\checkmark,,
114,Kwoka2023PSPS,Mapping Public Safety Power Shutoffs,2023,Presents mapping-oriented analysis for mapping Public Safety Power Shutoffs.,,\checkmark,,
115,kody2022sharing,Sharing the load: Considering fairness in de-energization scheduling to mitigate wildfire ignition risk using rolling optimization,2022,Addresses optimization and decision support for sharing the load: Considering fairness in de-energization scheduling to mitigate wildfire ignition risk using rolling optimization.,,\checkmark,,
116,Benichou2020OlderCaliforniansWildfire,How We Analyzed Where Older Californians Are at Increased Risk for Wildfire,2020,"Analyzes risk, vulnerability, or resilience issues in how We Analyzed Where Older Californians Are at Increased Risk for Wildfire.",,,,
117,cova2003network,A network flow model for lane-based evacuation routing,2003,Proposes or applies a modeling framework for a network flow model for lane-based evacuation routing.,,,\checkmark,
118,mclennan2012householder,Householder decision-making under imminent wildfire threat: stay and defend or leave?,2012,Examines householder decision-making under imminent wildfire threat: stay and defend or leave?.,,,,
119,JiBills2025WildfireResilience,Wildfire Recovery and Resilience Strategies for Resource-Constrained and Vulnerable Communities,2025,"Analyzes risk, vulnerability, or resilience issues in wildfire Recovery and Resilience Strategies for Resource-Constrained and Vulnerable Communities.",,,,
120,ahlborn2012tornado,Tornado hazard communication disparities among Spanish-speaking individuals in an English-speaking community,2012,Examines tornado hazard communication disparities among Spanish-speaking individuals in an English-speaking community.,,,,
121,davies2018unequal,The unequal vulnerability of communities of color to wildfire,2018,"Analyzes risk, vulnerability, or resilience issues in the unequal vulnerability of communities of color to wildfire.",,,,
122,Gerety2015FarmworkersWildfire,Wildfires Reveal Gaps In Emergency Planning For Thousands Of Farmworkers,2015,Examines wildfires Reveal Gaps In Emergency Planning For Thousands Of Farmworkers.,,,,
123,houston2015social,"Social media and disasters: a functional framework for social media use in disaster planning, response, and research",2015,"Proposes or applies a modeling framework for social media and disasters: a functional framework for social media use in disaster planning, response, and research.",,,,
124,huang2024modeling,"Modeling of wildfire digital twin: Research progress in detection, simulation, and prediction techniques",2024,"Proposes or applies a modeling framework for modeling of wildfire digital twin: Research progress in detection, simulation, and prediction techniques.",,,,\checkmark
125,zamari2023proposal,A proposal for a Wildfire Digital Twin Framework through automatic extraction of remotely sensed data: the Italian case study of the Susa Valley,2023,Proposes or applies a modeling framework for a proposal for a Wildfire Digital Twin Framework through automatic extraction of remotely sensed data: the Italian case study of the Susa Valley.,,,,\checkmark
126,ebrahim2025fire,"Fire--Resilient Smart Cities: Integrating Technology, Governance, and Ecology for Sustainable Urban Futures",2025,"Examines fire--Resilient Smart Cities: Integrating Technology, Governance, and Ecology for Sustainable Urban Futures.",,\checkmark,,
127,alhazmi2025can,Can digital twin technology revolutionize wildfire management and energy resilience in Los Angeles?,2025,Examines whether can digital twin technology revolutionize wildfire management and energy resilience in Los Angeles?.,,\checkmark,,\checkmark
128,lee2009stochastic,A stochastic mixed integer programming approach to wildfire management systems,2009,Proposes or applies a modeling framework for a stochastic mixed integer programming approach to wildfire management systems.,,,,
129,calkin2014risk,How risk management can prevent future wildfire disasters in the wildland-urban interface,2014,"Analyzes risk, vulnerability, or resilience issues in how risk management can prevent future wildfire disasters in the wildland-urban interface.",,,,
130,thompson2011uncertainty,Uncertainty and risk in wildland fire management: a review,2011,Reviews the literature on uncertainty and risk in wildland fire management: a review.,\checkmark,,,
131,maclellan1996basing,Basing airtankers for forest fire control in Ontario,1996,Examines basing airtankers for forest fire control in Ontario.,,,,
132,zhou2019spatial,A spatial optimization model for resource allocation for wildfire suppression and resident evacuation,2019,Proposes or applies a modeling framework for a spatial optimization model for resource allocation for wildfire suppression and resident evacuation.,,,\checkmark,
133,guo2024distributionally,Distributionally robust resource allocation with trust-aided parametric information fusion,2024,Addresses optimization and decision support for distributionally robust resource allocation with trust-aided parametric information fusion.,,,,
134,Oregon_SB762_2025,Senate Bill 762 (2025 Regular Session) -- Introduced,2025,Examines senate Bill 762 (2025 Regular Session) -- Introduced.,,,,
135,thomas2022burning,A burning issue: Reviewing the socio-demographic and environmental justice aspects of the wildfire literature,2022,Reviews the literature on a burning issue: Reviewing the socio-demographic and environmental justice aspects of the wildfire literature.,,,,
136,schinko2023framework,A framework for considering justice aspects in integrated wildfire risk management,2023,Proposes or applies a modeling framework for a framework for considering justice aspects in integrated wildfire risk management.,\checkmark,,,
137,chen2020balancing,Balancing fairness and efficiency in an optimization model,2020,Proposes or applies a modeling framework for balancing fairness and efficiency in an optimization model.,,,,
138,rawls1976john,John Rawls' Theory of Social Justice: An Introduction,1976,Examines john Rawls' Theory of Social Justice: An Introduction.,,,,
139,murray2023developing,Developing effective wildfire risk mitigation plans for the wildland urban interface,2023,"Analyzes risk, vulnerability, or resilience issues in developing effective wildfire risk mitigation plans for the wildland urban interface.",\checkmark,,,
140,arabadjis2026social,"Social Vulnerability, Locational Vulnerability, and Uncertainty in Wildfire Risk Index Construction",2026,"Analyzes risk, vulnerability, or resilience issues in social Vulnerability, Locational Vulnerability, and Uncertainty in Wildfire Risk Index Construction.",\checkmark,,,
141,wang2022multiobjective,Multiobjective emergency resource allocation under the natural disaster chain with path planning,2022,Addresses optimization and decision support for multiobjective emergency resource allocation under the natural disaster chain with path planning.,,,,
142,Maranghides2023CampFireNETTRA,"A Case Study of the Camp Fire: Notification, Evacuation, Traffic, and Temporary Refuge Areas (NETTRA)",2023,"Examines a Case Study of the Camp Fire: Notification, Evacuation, Traffic, and Temporary Refuge Areas (NETTRA).",,,\checkmark,
143,tao2022location,Location optimization of urban fire stations considering the backup coverage,2022,Addresses optimization and decision support for location optimization of urban fire stations considering the backup coverage.,,,,
144,belval2020fire,Fire suppression resource scarcity: Current metrics and future performance indicators,2020,Examines fire suppression resource scarcity: Current metrics and future performance indicators.,,,,
145,li2025two,A two-stage robust optimization model for emergency service facilities location-allocation problem under demand uncertainty and sustainable development,2025,Proposes or applies a modeling framework for a two-stage robust optimization model for emergency service facilities location-allocation problem under demand uncertainty and sustainable development.,,,,
146,alvelos2025dispatching,"Dispatching, positioning and routing resources for wildfire initial attack",2025,"Addresses optimization and decision support for dispatching, positioning and routing resources for wildfire initial attack.",,,\checkmark,
147,marques2024robust,A Robust Approach for the Prepositioning of Resources for Wildfire Suppression,2024,Proposes or applies a modeling framework for a Robust Approach for the Prepositioning of Resources for Wildfire Suppression.,,,,
148,enterprise_wildfires_2024,Mitigating and Preparing for Wildfires,2024,Examines mitigating and Preparing for Wildfires.,,,,
149,brown2021optimizing,Optimizing prepositioning of equipment and personnel for Los Angeles County Fire Department to fight wildland fires,2021,Addresses optimization and decision support for optimizing prepositioning of equipment and personnel for Los Angeles County Fire Department to fight wildland fires.,\checkmark,,,
150,sakellariou2023spatial,Spatial resilience to wildfires through the optimal deployment of firefighting resources: Impact of topography on initial attack effectiveness,2023,"Analyzes risk, vulnerability, or resilience issues in spatial resilience to wildfires through the optimal deployment of firefighting resources: Impact of topography on initial attack effectiveness.",,,,
151,jolly2024modernizing,Modernizing the US National Fire Danger Rating System (version 4): Simplified fuel models and improved live and dead fuel moisture calculations,2024,Proposes or applies a modeling framework for modernizing the US National Fire Danger Rating System (version 4): Simplified fuel models and improved live and dead fuel moisture calculations.,\checkmark,,,
152,bayham2020weather,"Weather, risk, and resource orders on large wildland fires in the western US",2020,"Analyzes risk, vulnerability, or resilience issues in weather, risk, and resource orders on large wildland fires in the western US.",\checkmark,,,
153,kaur2025integrating,Integrating Particle Swarm Optimization in Agent-Based Models for Optimized Fire Evacuation Dynamics,2025,Proposes or applies a modeling framework for integrating Particle Swarm Optimization in Agent-Based Models for Optimized Fire Evacuation Dynamics.,,,\checkmark,
154,huot2020deep,Deep learning models for predicting wildfires from historical remote-sensing data,2020,Proposes or applies a modeling framework for deep learning models for predicting wildfires from historical remote-sensing data.,,,,\checkmark
155,kondylatos2022wildfire,Wildfire danger prediction and understanding with deep learning,2022,Develops or evaluates predictive methods for wildfire danger prediction and understanding with deep learning.,\checkmark,,,\checkmark
156,thompson2016application,"Application of wildfire risk assessment results to wildfire response planning in the southern Sierra Nevada, California, USA",2016,"Analyzes risk, vulnerability, or resilience issues in application of wildfire risk assessment results to wildfire response planning in the southern Sierra Nevada, California, USA.",\checkmark,,,
157,zhao2024causal,Causal graph neural networks for wildfire danger prediction,2024,Develops or evaluates predictive methods for causal graph neural networks for wildfire danger prediction.,\checkmark,,,\checkmark
158,usgs_baer,{BAER: Burned Area Emergency Response},2025,Examines bAER: Burned Area Emergency Response.,\checkmark,,,
159,buettner2025governing,Governing across jurisdictions in post-wildfire response and recovery: An analysis of the 2022 Hermit's Peak Calf Canyon Wildfire,2025,Examines governing across jurisdictions in post-wildfire response and recovery: An analysis of the 2022 Hermit's Peak Calf Canyon Wildfire.,,,,
160,moloney2023after,After the fire: a qualitative study of the role of long-term recovery organizations in addressing rural communities’ post-wildfire needs,2023,Examines after the fire: a qualitative study of the role of long-term recovery organizations in addressing rural communities’ post-wildfire needs.,,,,
161,lighthill1955kinematic,On kinematic waves I. Flood movement in long rivers,1955,Examines on kinematic waves I. Flood movement in long rivers.,,,,
162,richards1956shock,Shock waves on the highway,1956,Examines shock waves on the highway.,,,,
163,wahlqvist2021simulation,The simulation of wildland-urban interface fire evacuation: The WUI-NITY platform,2021,Proposes or applies a modeling framework for the simulation of wildland-urban interface fire evacuation: The WUI-NITY platform.,,,\checkmark,
164,raei2026optimizing,Optimizing evacuation routes for human mobility during wildfires: A case study of the 2023 McDougall Creek Wildfire,2026,Addresses optimization and decision support for optimizing evacuation routes for human mobility during wildfires: A case study of the 2023 McDougall Creek Wildfire.,,,\checkmark,
165,rohaert2023analysis,The analysis of traffic data of wildfire evacuation: the case study of the 2020 Glass Fire,2023,Examines the analysis of traffic data of wildfire evacuation: the case study of the 2020 Glass Fire.,,,\checkmark,
166,greenshields1935study,A study of traffic capacity,1935,Examines a study of traffic capacity.,,,\checkmark,
167,united1964traffic,"Traffic assignment manual for application with a large, high speed computer",1964,"Examines traffic assignment manual for application with a large, high speed computer.",,,\checkmark,
168,tammali2026rescue,RESCUE: Routing under Evolving Stochastic Congestion and Uncertain Spread in Wildfire Emergencies,2026,Addresses optimization and decision support for rESCUE: Routing under Evolving Stochastic Congestion and Uncertain Spread in Wildfire Emergencies.,,,\checkmark,
169,gonzalez2022evacuation,Evacuation management system for major disasters,2022,Examines evacuation management system for major disasters.,,,\checkmark,
170,metropolis1949monte,The monte carlo method,1949,Proposes or applies a modeling framework for the monte carlo method.,,,,
171,cui2026apso,APSO-enhanced algebraic derivative estimation approach for real-time traffic flow prediction on critical road sections during wildfire evacuation,2026,Proposes or applies a modeling framework for aPSO-enhanced algebraic derivative estimation approach for real-time traffic flow prediction on critical road sections during wildfire evacuation.,,,\checkmark,
172,ahmad2023evaluating,Evaluating traffic operation conditions during wildfire evacuation using connected vehicles data,2023,Examines evaluating traffic operation conditions during wildfire evacuation using connected vehicles data.,,,\checkmark,
173,melendez2021modelling,Modelling traffic during Lilac Wildfire evacuation using cellular data,2021,Proposes or applies a modeling framework for modelling traffic during Lilac Wildfire evacuation using cellular data.,,,\checkmark,
174,dijkstra2022note,A note on two problems in connexion with graphs,2022,Examines a note on two problems in connexion with graphs.,,,,
175,zhao2021developing,"Developing transportation response strategies for wildfire evacuations via an empirically supported traffic simulation of Berkeley, California",2021,"Proposes or applies a modeling framework for developing transportation response strategies for wildfire evacuations via an empirically supported traffic simulation of Berkeley, California.",,,\checkmark,
176,zhao2022estimating,Estimating wildfire evacuation decision and departure timing using large-scale GPS data,2022,Examines estimating wildfire evacuation decision and departure timing using large-scale GPS data.,,,\checkmark,
177,stasiewicz2021preparing,Preparing for wildfire evacuation and alternatives: Exploring influences on residents’ intended evacuation behaviors and mitigations,2021,Examines preparing for wildfire evacuation and alternatives: Exploring influences on residents’ intended evacuation behaviors and mitigations.,,,\checkmark,
178,mitchell2023integrating,Integrating wildfire spread and evacuation times to design safe triggers: Application to two rural communities using PERIL model,2023,Proposes or applies a modeling framework for integrating wildfire spread and evacuation times to design safe triggers: Application to two rural communities using PERIL model.,\checkmark,,\checkmark,
179,gwynne2023roxborough,Roxborough park community wildfire evacuation drill: data collection and model benchmarking,2023,Introduces a dataset or benchmark for roxborough park community wildfire evacuation drill: data collection and model benchmarking.,,,\checkmark,
180,grajdura2020agent,Agent-based wildfire evacuation with spatial simulation: a case study,2020,Proposes or applies a modeling framework for agent-based wildfire evacuation with spatial simulation: a case study.,,,\checkmark,
181,polock2026characterizing,Characterizing and Predicting Wildfire Evacuation Behavior: A Dual-Stage ML Approach,2026,Proposes or applies a modeling framework for characterizing and Predicting Wildfire Evacuation Behavior: A Dual-Stage ML Approach.,,,\checkmark,\checkmark
182,zhao2021using,Using artificial intelligence for safe and effective wildfire evacuations,2021,Examines using artificial intelligence for safe and effective wildfire evacuations.,,,\checkmark,\checkmark
183,zadeh2025conceptual,A conceptual high level multiagent system for wildfire management,2025,Examines a conceptual high level multiagent system for wildfire management.,,,,
184,ding2023intelligent,Intelligent emergency digital twin system for monitoring building fire evacuation,2023,Examines intelligent emergency digital twin system for monitoring building fire evacuation.,,,\checkmark,\checkmark
185,jiang2019mobile,Mobile fire evacuation system for large public buildings based on artificial intelligence and IoT,2019,Examines mobile fire evacuation system for large public buildings based on artificial intelligence and IoT.,,,\checkmark,\checkmark
186,yan2019rfes,RFES: A real-time fire evacuation system for Mobile Web3D,2019,Examines rFES: A real-time fire evacuation system for Mobile Web3D.,,,\checkmark,
187,bustamante2025integrating,Integrating ChatGPT and Geospatial Resources: A Virtual Assistant for Enhanced Decision-Making in Disaster Response,2025,Examines integrating ChatGPT and Geospatial Resources: A Virtual Assistant for Enhanced Decision-Making in Disaster Response.,,,,
188,mtbs,{MTBS} Burn Severity Data,2024,Examines mTBS Burn Severity Data.,\checkmark,,,
189,landfire,{LANDFIRE} Fuels and Vegetation,2024,Examines lANDFIRE Fuels and Vegetation.,,,,
190,flammap,{FlamMap} / {FARSITE} Fire Behavior Mapping and Analysis Program,2024,Presents mapping-oriented analysis for flamMap / FARSITE Fire Behavior Mapping and Analysis Program.,\checkmark,,,
191,cfsds,Canadian Fire Spread Dataset ({CFSDS}),2024,Introduces a dataset or benchmark for canadian Fire Spread Dataset (CFSDS).,\checkmark,,,
192,fired,{FIRED}: Fire Event Delineation Dataset,2022,Introduces a dataset or benchmark for fIRED: Fire Event Delineation Dataset.,,,,
193,viirs_firms,{VIIRS} Active Fire Product ({VNP14IMGTDL}),2024,Examines vIIRS Active Fire Product (VNP14IMGTDL).,,,,
194,modis_firms,{MODIS} Active Fire Products ({MOD14/MYD14}),2024,Examines mODIS Active Fire Products (MOD14/MYD14).,,,,
195,raws,Remote Automated Weather Stations ({RAWS}),2024,Examines remote Automated Weather Stations (RAWS).,,,,
196,ics209plus,{ICS-209-PLUS} Incident Command System Dataset,2023,Introduces a dataset or benchmark for iCS-209-PLUS Incident Command System Dataset.,,,,
197,wrffire,{WRF-Fire} Coupled Atmosphere--Fire Model,2024,Proposes or applies a modeling framework for wRF-Fire Coupled Atmosphere--Fire Model.,,,,
198,hifld,{HIFLD} Open Data -- Homeland Infrastructure Foundation-Level Data,2024,Examines hIFLD Open Data -- Homeland Infrastructure Foundation-Level Data.,,\checkmark,,
199,eia860,{EIA} Form 860 Annual Electric Generator Report,2024,Examines eIA Form 860 Annual Electric Generator Report.,,,,
200,poweroutage,{PowerOutage.US} Historical Outage Data,2024,Examines powerOutage.US Historical Outage Data.,,,,
201,tiger,{TIGER/Line} Road Network Shapefiles,2024,Examines tIGER/Line Road Network Shapefiles.,,\checkmark,,
202,nbi,National Bridge Inventory ({NBI}),2024,Examines national Bridge Inventory (NBI).,,\checkmark,,
203,scher2024infra,Unified Infrastructure--Weather Hazard Dataset,2024,Introduces a dataset or benchmark for unified Infrastructure--Weather Hazard Dataset.,,\checkmark,,
204,ornl_structures,{ORNL USA} Structures Dataset,2024,Introduces a dataset or benchmark for oRNL USA Structures Dataset.,,,,
205,osm,OpenStreetMap,2024,Presents mapping-oriented analysis for openStreetMap.,,,,
206,hazus,{HAZUS} Multi-Hazard Loss Estimation Database,2024,Examines hAZUS Multi-Hazard Loss Estimation Database.,,,,
207,calfire_dins,{CAL FIRE DINS} Structure Damage Inspection Data,2024,Examines cAL FIRE DINS Structure Damage Inspection Data.,,,,
208,kincade_gps,Kincade Fire {GPS} Routing Dataset,2022,Introduces a dataset or benchmark for kincade Fire GPS Routing Dataset.,,,\checkmark,
209,glass_fire_traffic,Glass Fire Traffic Dynamics Dataset,2023,Introduces a dataset or benchmark for glass Fire Traffic Dynamics Dataset.,,,\checkmark,
210,camp_fire_survey,Camp Fire Evacuation Behavior Survey,2023,Examines camp Fire Evacuation Behavior Survey.,,,\checkmark,
211,marshall_fire_survey,Marshall Fire Evacuation Behavior Survey,2024,Examines marshall Fire Evacuation Behavior Survey.,,,\checkmark,
212,palisades_fb,Palisades/Eaton Fire Facebook Evacuation Dataset,2025,Introduces a dataset or benchmark for palisades/Eaton Fire Facebook Evacuation Dataset.,,,\checkmark,
213,ipaws,{IPAWS/WEA} Evacuation Orders -- Integrated Public Alert and Warning System,2024,Examines iPAWS/WEA Evacuation Orders -- Integrated Public Alert and Warning System.,,,\checkmark,
214,lodes,{LEHD LODES} Longitudinal Employer-Household Dynamics Origin-Destination Employment Statistics,2024,Examines lEHD LODES Longitudinal Employer-Household Dynamics Origin-Destination Employment Statistics.,,,,
215,gridmet,{GridMET} Gridded Surface Meteorological Dataset,2024,Introduces a dataset or benchmark for gridMET Gridded Surface Meteorological Dataset.,,,,
216,era5,{ERA5} Reanalysis Dataset,2024,Introduces a dataset or benchmark for eRA5 Reanalysis Dataset.,,,,
217,nfmd,National Fuel Moisture Database ({NFMD}),2024,Examines national Fuel Moisture Database (NFMD).,,,,
218,nfdrs,{NFDRS} Fire Danger Indices -- Wildland Fire Assessment System ({WIMS}),2024,Examines nFDRS Fire Danger Indices -- Wildland Fire Assessment System (WIMS).,\checkmark,,,
219,cdc_svi,{CDC/ATSDR} Social Vulnerability Index ({SVI}),2022,"Analyzes risk, vulnerability, or resilience issues in cDC/ATSDR Social Vulnerability Index (SVI).",,,,
220,cejst,{CEJST} Climate and Economic Justice Screening Tool,2024,Examines cEJST Climate and Economic Justice Screening Tool.,,,,
221,acs,American Community Survey ({ACS}) 5-Year Estimates,2024,Examines american Community Survey (ACS) 5-Year Estimates.,,,,
222,wui_census,{WUI} Census -- Wildland-Urban Interface Change Dataset,2023,Introduces a dataset or benchmark for wUI Census -- Wildland-Urban Interface Change Dataset.,,,,
223,ahmed2025harnessing,Harnessing Generative AI for Educators: Case Study of Accurate Wildfire Location Mapping,2025,Presents mapping-oriented analysis for harnessing Generative AI for Educators: Case Study of Accurate Wildfire Location Mapping.,,,,\checkmark
224,sharma2023generating,Generating Wildfire Risk Maps for Critical Infrastructure Systems Using Integrated Generative AI and Simulation Techniques Under Information Uncertainty,2023,Proposes or applies a modeling framework for generating Wildfire Risk Maps for Critical Infrastructure Systems Using Integrated Generative AI and Simulation Techniques Under Information Uncertainty.,\checkmark,\checkmark,,\checkmark
225,das2025predicting,Predicting Wildfire Burned Areas Using Graph Neural Networks,2025,Develops or evaluates predictive methods for predicting Wildfire Burned Areas Using Graph Neural Networks.,\checkmark,,,\checkmark
226,samadhiya2025system,A System for Predicting Wildfire Spread Dynamics using Spatio-Temporal Graph Neural Networks,2025,Develops or evaluates predictive methods for a System for Predicting Wildfire Spread Dynamics using Spatio-Temporal Graph Neural Networks.,\checkmark,,,\checkmark
227,li2025maps,From Maps to Decisions: A GeoAI Framework for Multi-Hazard Infrastructure Resilience and Equitable Emergency Management,2025,Proposes or applies a modeling framework for from Maps to Decisions: A GeoAI Framework for Multi-Hazard Infrastructure Resilience and Equitable Emergency Management.,,\checkmark,,
228,xie2024wildfiregpt,Wildfiregpt: Tailored large language model for wildfire analysis,2024,Proposes or applies a modeling framework for wildfiregpt: Tailored large language model for wildfire analysis.,,,,\checkmark
229,chen2025empowering,Empowering LLM Agents with Geospatial Awareness: Toward Grounded Reasoning for Wildfire Response,2025,Examines empowering LLM Agents with Geospatial Awareness: Toward Grounded Reasoning for Wildfire Response.,,,,\checkmark
230,jakubik2023foundation,Foundation models for generalist geospatial artificial intelligence,2023,Proposes or applies a modeling framework for foundation models for generalist geospatial artificial intelligence.,,,,\checkmark
231,kang2026probabilistic,Probabilistic Wildfire Spread Prediction Using an Autoregressive Conditional Generative Adversarial Network,2026,Develops or evaluates predictive methods for probabilistic Wildfire Spread Prediction Using an Autoregressive Conditional Generative Adversarial Network.,\checkmark,,,\checkmark
232,sevak2026physics,Physics-Informed Graph Neural Jump ODEs for Cascading Failure Prediction in Power Grids,2026,Develops or evaluates predictive methods for physics-Informed Graph Neural Jump ODEs for Cascading Failure Prediction in Power Grids.,,\checkmark,,\checkmark
233,varbella2024powergraph,PowerGraph: A power grid benchmark dataset for graph neural networks,2024,Introduces a dataset or benchmark for powerGraph: A power grid benchmark dataset for graph neural networks.,,\checkmark,,\checkmark
234,mathur2025spatiotemporal,Spatiotemporal Wildfire Prediction and Reinforcement Learning for Helitack Suppression,2025,Develops or evaluates predictive methods for spatiotemporal Wildfire Prediction and Reinforcement Learning for Helitack Suppression.,,,,\checkmark
235,siedler2022collaborative,Collaborative Auto-Curricula Multi-Agent Reinforcement Learning with Graph Neural Network Communication Layer for Open-ended Wildfire-Management Resource Distribution,2022,Examines collaborative Auto-Curricula Multi-Agent Reinforcement Learning with Graph Neural Network Communication Layer for Open-ended Wildfire-Management Resource Distribution.,,,,\checkmark
236,tang2025strategizing,Strategizing equitable transit evacuations: A data-driven reinforcement learning approach,2025,Proposes or applies a modeling framework for strategizing equitable transit evacuations: A data-driven reinforcement learning approach.,,,\checkmark,\checkmark
237,horner2021optimizing,Optimizing driver menus under stochastic selection behavior for ridesharing and crowdsourced delivery,2021,Addresses optimization and decision support for optimizing driver menus under stochastic selection behavior for ridesharing and crowdsourced delivery.,,,\checkmark,
238,ur2023quantum,Quantum computing for healthcare: A review,2023,Reviews the literature on quantum computing for healthcare: A review.,,,,\checkmark
239,benenti2019principles,Principles of quantum computation and information: a comprehensive textbook,2019,Examines principles of quantum computation and information: a comprehensive textbook.,,,,\checkmark
240,rietsche2022quantum,Quantum computing,2022,Examines quantum computing.,,,,\checkmark
241,fitzek2024applying,Applying quantum approximate optimization to the heterogeneous vehicle routing problem,2024,Addresses optimization and decision support for applying quantum approximate optimization to the heterogeneous vehicle routing problem.,,,\checkmark,\checkmark
242,weinberg2023supply,Supply chain logistics with quantum and classical annealing algorithms,2023,Examines supply chain logistics with quantum and classical annealing algorithms.,,,,\checkmark
243,zhao2022hybrid,Hybrid quantum benders’ decomposition for mixed-integer linear programming,2022,Examines hybrid quantum benders’ decomposition for mixed-integer linear programming.,,,,\checkmark
244,christeson2026hybrid,Hybrid Quantum-Classical Optimization of the Resource Scheduling Problem,2026,Addresses optimization and decision support for hybrid Quantum-Classical Optimization of the Resource Scheduling Problem.,,,,\checkmark
245,dent2026network,Network separation modeling and quantum computing for developing wildfire fuelbreak strategy,2026,Proposes or applies a modeling framework for network separation modeling and quantum computing for developing wildfire fuelbreak strategy.,\checkmark,,,\checkmark
246,azfar2025quantum,Quantum-Assisted Vehicle Routing: Realizing QAOA-based Approach on Gate-Based Quantum Computer,2025,Proposes or applies a modeling framework for quantum-Assisted Vehicle Routing: Realizing QAOA-based Approach on Gate-Based Quantum Computer.,,,\checkmark,\checkmark
247,dash2025hierarchical,Hierarchical Quantum Optimization for Large-Scale Vehicle Routing: A Multi-Angle QAOA Approach with Clustered Decomposition,2025,Proposes or applies a modeling framework for hierarchical Quantum Optimization for Large-Scale Vehicle Routing: A Multi-Angle QAOA Approach with Clustered Decomposition.,,,\checkmark,\checkmark
